total-sqft,house-sqft,price
6000,1422,136600
5650,1384,158400
5850,1249,144400
5900,1390,142400
7788,960,147900
8100,1075.20001,145000
7400,1224,144200
7400,1224,144200
7050,1288,125100
7050,1288,125100
8160,1485,158000
5500,667,106400
5650,1274.00001,143000
5650,1587,163200
6318,1860,163200
5650,1096,137900
5650,936,134500
5650,936,134500
10010,2768.2,210700
6500,1380,147400
5650,1056,137100
5650,1433.60001,105700
5763,2600,209000
6000,1168,71600
6070,1612.80001,148200
6000,1096,99400
6000,1124.00001,150100
5967,1094,141800
5967,1094,141800
5850,1249,144400
5850,1312,128200
5900,1062,134200
7788,960,147900
8100,1075.20001,145000
8100,1075.20001,145000
3700,3778,77800
8100,1075.20001,145000
7400,1224,144200
6840,1479,152200
6840,1479,152200
8160,1485,158000
8664,1006,135000
7000,1096,139600
5650,1094,148800
5500,667,106400
5650,1587,163200
8475,1120,148700
11700,2027.5,204100
5850,900,128200
5850,1096,121000
5850,1760,161100
5650,936,134500
10010,2768.2,210700
10010,2768.2,210700
6500,1380,147400
6500,1218,144700
6500,1282,140400
9750,1600.4,155200
9750,1600.4,155200
6650,1464,179800
5650,900,131400
5500,1044,137300
5650,1433.60001,105700
5700,1140,136900
5650,1200.5,151400
8250,2400.00001,225900
8250,2400.00001,225900
6750,1381,96000
5250,1372,65200
7050,1192,147000
6500,1019.20001,139900
6500,1572,146700
7100,1192,136900
7100,1192,136900
7100,1192,136900
15325,5152,242100
40280,12596,248600
7750,1576,151900
7750,1576,151900
7100,1192,136900
6900,1750,154800
6900,1750,154800
6900,1750,154800
17620,1152,121600
15560,1308,163100
28875,1170,107200
4910,1008.00001,114700
7865,1329,123000
5000,1008.00001,117000
6800,1400,164400
7650,1048.00001,131700
7650,1048.00001,131700
7650,1048.00001,131700
6750,1048.00001,128200
6750,1048.00001,128200
6750,1048.00001,128200
8100,1860,139800
8100,1860,139800
7000,2684,238600
7000,1662,174500
7000,1662,174500
7680,1024,138000
40280,12596,248600
40280,12596,248600
40280,12596,248600
15560,1308,163100
83635,41727,546000
83635,41727,546000
10341,1470,148500
5000,1008.00001,122100
5990,1260,134000
5000,1148.00001,119600
8040,899,138600
8040,899,138600
7650,1048.00001,131700
7650,1048.00001,131700
3600,1176.00001,132600
6000,1075.20001,122300
7000,1662,174500
7680,1024,138000
7680,1024,138000
0,51200,2450000
10640,1871.80001,131100
10640,1871.80001,131100
8320,1095.5,99000
6700,2112,153700
11250,1428,128100
11250,1428,128100
5500,974.40001,118700
7680,1024,138000
9600,1671,154400
11250,1428,128100
9700,3477.5,209500
9514,1834.5,157300
9514,1834.5,157300
8940,900,117200
8940,900,117200
18625,900,119900
7800,1566,151100
8750,1086,132900
7500,900,116200
7500,900,116000
8016,900,112100
10287,900,116300
7500,900,121400
10018,2558,207200
6360,1559,151300
6000,1473.6,145900
6240,1228.5,130400
5824,1655,134700
7445,1717,172400
7020,1591,157500
7020,1591,157500
6051,1706,167600
6006,1856,201800
6720,1446,150800
9514,1834.5,157300
9514,1834.5,157300
6250,1344,130500
7975,1356,140700
8940,900,117200
10125,900,125700
8750,1086,132900
8950,1015.00001,134000
10500,1467,135700
10500,1467,135700
7500,900,119000
7500,900,116200
8880,900,103800
7680,899,113200
7500,900,114900
6000,1275.25,127200
5824,1655,134700
8745,1522.5,155600
7301,1861,169900
6720,1446,150800
7500,1914.00001,160300
5865,1106,141600
7650,1775.5,139000
7650,1215,139400
7650,2120.5,176800
7500,974.40001,115700
6000,1473,131800
7650,1215,139400
6250,1066,144900
6250,1342.25,125100
6250,1342.25,125100
7500,942,125200
7500,1024,98900
7500,1834.5,153600
7500,1218,107400
7500,1218,107400
7500,1190.40001,103400
14088,2160.00001,180700
7500,2114,150600
18090,5254,485200
7500,973.00001,117900
7350,973.00001,127400
7500,2624,178200
7500,1518,140000
10800,2771.5,209400
10800,2965,224100
8325,3206,233100
6068,900,129600
6757,1008.00001,120700
8300,1200,120100
6944,1043,127500
6944,1043,127500
7500,974.40001,115700
14088,2160.00001,180700
14088,2160.00001,180700
6460,1038,130900
7500,1518,140000
7500,1338,129600
8550,4136,256400
11250,2906,232300
5780,900,124100
6757,1008.00001,120700
6500,1284,161900
6500,1284,161900
5000,1085.00001,127600
1135,850,47300
1725,850,55200
1692,850,60100
3085,850,61300
2240,850,60800
7800,1015,107200
7800,1015,107200
7500,4116,85000
7500,3270,157900
7500,3270,157900
5760,1075.20001,132000
6072,1344,89800
6072,1344,89800
6944,1043,127500
7313,900,126500
2285,850,60500
1692,850,60100
3085,850,61300
7650,1052,129700
7500,3411,161600
7500,3076,154200
7500,3270,157900
7500,4031,165000
6750,1195.20001,131400
6250,1075.20001,115400
6250,1075.20001,115500
7500,2716,151500
9000,1720,141600
9000,1720,141600
9000,1720,141600
0,5298,207900
5000,1400,125600
5000,1400,125600
5000,1041.60001,115500
5000,1041.60001,115500
5000,1116,130400
7650,1078,127900
7650,1078,127900
8250,1092,133400
7500,1015,130200
6072,1344,89800
7800,1015,106200
8262,1015,122400
8262,1015,122400
8262,1015,122400
7500,2716,151500
9525,3096,159900
5000,1116,130400
6500,1050.00001,117700
6500,1050.00001,117700
7480,1135.20001,138100
0,7560,241100
8000,988,115400
9375,3354,163700
9375,3354,163700
7800,1400,135400
7800,1120,122500
7800,1120,122500
7500,3153,98100
7500,3153,98100
6500,1102,125500
6000,1262,144200
5960,3938,216600
7475,2304,152800
9078,2925,233000
0,3596,198400
7840,1200,135500
8250,2234,110600
8400,2112,135800
8000,988,115400
7500,3354,167100
7500,3354,167100
7800,1013.25,119400
7650,1030,126700
9500,3187.20001,175200
7200,1376,117000
7200,1376,117000
0,11865.6,550000
0,3596,198400
8745,1664,140100
7600,1375,131400
7700,1257.60001,142000
7000,2901.60001,227300
7000,675,88300
10685,2301,202500
30000,7056.15,371000
7500,1254,126900
7100,1056,114600
7100,1056,114600
8318,1611,168800
7950,1224,158100
13281,2104.80001,154800
11100,3932,277600
8745,1664,140100
8745,1664,140100
7600,1375,131400
7600,1375,131400
7950,2283.60001,155200
8470,1795.2,152800
7200,1503.8,131000
9734,2219.6,193200
108900,29541,3128600
7100,1056,114600
8300,1862.40001,147500
13281,2104.80001,154800
5500,1204,92300
6850,2524,166700
7675,1176,151100
7750,1404,139700
7740,1404,134200
7500,1188,127800
9000,1090,142600
11280,903,144900
11280,903,144900
7500,900,117600
12000,899,130600
7000,1474,143700
7000,1474,143700
11100,3932,277600
8625,1170,130600
7200,3699,216100
7650,720,120500
5400,1175,131700
5400,1585.5,116700
7763,2630,191900
8550,1512,139000
5500,2594,181200
5520,1952.25,159400
5520,1952.25,159400
7750,2857.5,191700
7140,3000.00001,176100
5500,1204,92300
5500,1204,92300
6850,2524,166700
7740,1404,134200
7292,1075.20001,128900
7500,1200,140100
9000,1090,142600
6250,1209,128300
9000,1075.20001,117100
11280,903,144900
6275,1344,130800
7250,1107.20001,131600
8650,1248,135100
9750,900,128000
7500,1412,127200
9820,1397,111300
8400,2034,166000
8400,2034,166000
7560,1305,126000
7500,1348,132700
7500,1348,132700
7800,1208,143400
7560,1630,133500
8014,1630,143200
7560,1092,133100
7875,1706,138900
7650,2240,180100
8556,1984.65001,147900
8514,1469.55001,148000
7350,1532,156000
7350,1532,156000
9000,2241.60001,165400
8400,3068,198100
9650,2941.20001,202800
7950,1653.5,127400
7950,1653.5,127400
7500,1264,130100
7500,1264,130100
9000,1137,131500
7000,1474,143700
11250,1007,121000
11700,1344,141400
7062,1456,174000
7500,1348,133700
7950,1044,128500
7800,1690.5,158100
15000,1324,158800
7150,3146.40001,205000
9275,1192,126900
9275,1192,126900
9730,1008,140500
7920,1778,182700
8014,1630,143200
7560,1092,133100
6295,3058,223900
7550,2400,209300
7875,1706,138900
7975,3632.80001,215200
10240,3580,194900
7650,2240,180100
10950,1555.7,149600
9000,1604.75,145700
7772,1502.85001,142900
8052,1378,141300
7500,2586,195400
7500,2586,195400
7750,2560,190800
7600,1830.5,115800
7600,1830.5,115800
7250,3602.5,175100
5400,3000,40500
5400,3000,40500
11810,2583.60001,186200
11592,3840,234100
11592,3840,234100
19175,5982.5,261900
7550,1397,150600
6750,3732,192600
5670,3886,222500
5383,1622.5,144100
9766,2392,152900
8344,2596.00001,162300
12000,2480,168300
13770,1362,140000
5842,3525,182300
11100,2338,149300
11100,2338,149300
6850,3105,167100
6165,2889,195700
7300,1682,106200
7350,1532,156000
7400,1441,147700
7450,2930.40001,197800
7450,2930.40001,197800
8200,2985,213300
9150,2961,165400
7500,1596,153600
7950,3312.80001,209500
7500,1264,130100
7750,2560,190800
7600,1830.5,115800
7500,1180,118800
6650,948,129400
5400,3000,40500
11810,2583.60001,186200
7550,1841,154500
7550,1841,154500
11592,3840,234100
12800,5736,269200
12800,5736,269200
19175,5982.5,261900
6100,3815,213300
6868,1520,94700
5670,3886,222500
4500,2596,153200
6350,2964,169100
7000,3005,178800
7000,2760,193800
7000,2760,193800
7000,2760,193800
7000,2743.20001,191600
7595,4038,285200
0,7518,313500
0,5292,229600
1872,900,87100
6576,1164,91100
5740,1693.60001,93600
2035,750,76200
9500,2784,165800
9600,2784,171700
9950,2784,112500
4601,1156,90100
4601,1156,90100
4265,1128,77200
4644,1388.00001,103000
6240,1112,96700
11043,2184,136700
0,8397.47,353400
6000,2254,150300
8550,6466,180100
4000,5346,140600
6000,3804,205100
12000,2480,168300
12000,2985,147500
15350,2464,157200
6850,1568,142800
0,2592,189100
6165,2889,195700
7000,2743.20001,191600
7595,4038,285200
0,7518,313500
0,3304,179200
0,3276,179200
0,5292,229600
6576,1164,91100
2035,750,76200
2035,750,76200
9500,2784,165800
4601,1156,90100
4601,1156,90100
4260,1156,77200
2394,978,68200
6240,1112,96700
7300,3696,194600
10875,3117.5,178400
6600,4104,180000
0,5697.72,325900
7500,1559.25,126100
7500,1395,71300
7500,2164.80001,145700
11385,4866,246700
11385,4866,246700
6265,3444,207500
4960,2164,157800
7750,1472,138900
11360,1882,121300
11360,1882,121300
0,5916,229600
5605,3192,180500
7500,3569.5,192700
7500,3569.5,192700
7500,3972,212800
5436,3675,187200
9000,1860,148500
9639,3619,198500
9639,3619,198500
9300,2458,142900
7650,1139,78800
7650,1694,136000
7650,1694,136000
8550,6466,180100
4000,5346,140600
6100,3450,143800
10875,3117.5,178400
6150,3429,168900
5375,1802.25,140700
5375,1802.25,140700
7865,3078,136600
7500,1559.25,126100
8250,1746,132800
7500,1395,71300
11385,4866,246700
8700,4592,229000
9000,7716,330300
11360,1882,121300
0,9704,427300
6450,3744,214100
6780,6691.5,267400
9000,1860,148500
9639,3619,198500
7650,1139,78800
0,5043,91796
15550,3678,103800
0,6837,207900
5500,1232,127800
5494,1384,114700
11305,3647,218500
5585,1155,134000
5225,1232,123700
5225,1232,123700
5500,1232,127800
5494,1384,114700
3480,1408,116200
3640,1408,118600
5220,2656,221700
5000,1776,132500
5000,1776,132500
6665,2855,160700
0,3311,175800
0,3311,175800
0,3311,175800
6800,1536,126200
8790,3638.25,181800
8790,3638.25,181800
6345,3951,129700
0,10700,328300
32395,18897,744900
32395,18897,744900
5400,3197,158300
5400,3197,158300
7950,3990,182100
9639,2637.5,188900
3560,1408,131900
8190,3318,188400
6665,2855,160700
0,3311,175800
3960,1477.80001,138800
6345,3951,129700
32395,18897,744900
32395,18897,744900
5000,3927,192400
5000,3927,192400
9000,4042.5,209200
9639,2637.5,188900
8255,2726,192800
6250,2900,191300
5900,1273,136200
5900,1273,136200
5900,1273,136200
7314,2329.80001,169300
5750,801,115000
5750,3542,207900
5750,3341.25,192500
7500,3684.00002,231200
7500,3370,214800
8400,3130,215200
6000,1290.6,126100
6780,2912,195000
8639,1322,151900
8639,1322,151900
5750,1790,171800
5750,801,115000
11250,4797.25,280000
6946,2334,190500
7525,2284,169700
6000,1290.6,126100
7250,1772,139300
6072,2756,222800
12250,3273.5,249000
6060,1470,123700
6000,1050,140300
6000,1050,140300
6000,1050,140300
6000,1048,137500
8640,3244,170900
18160,1769,511500
9500,1568,155600
9500,1568,155600
9500,1756,152700
9500,1756,152700
9500,1955,153200
7150,3097,187200
9048,1634,151000
7095,1832,168700
7095,1832,168700
7314,1667,144600
10800,4181,231800
6300,1036,113400
6300,1036,113400
6000,1050,140300
6600,3087,185600
6600,3087,185600
18160,1769,511500
9500,1594,144500
9500,1594,144500
9500,1955,153200
9500,1955,153200
9850,3072.5,226900
4575,1754,159700
7150,2952.5,190800
9048,1634,151000
7500,2656,203600
7810,1638,160300
10880,1896,169700
7155,1834,158600
7155,1834,158600
7550,2524,188300
7300,1510,143400
6350,2594,198100
6095,2478,215300
6350,1350,148300
7095,1832,168700
7500,3588,177100
6800,1773.62,162000
6800,1773.62,162000
6800,1773.62,162000
10880,1896,169700
10880,1896,169700
7155,1834,158600
7400,1658.00001,142500
7296,2654,205100
6060,2836,203100
6350,1350,148300
6350,1530,128900
5625,3241.60001,202200
5000,1041.60001,124000
6250,2386,189500
6250,3026.40001,215600
6500,2772,209100
6500,2772,209100
4550,3744,173900
9000,3770.25,204200
5500,3432,189600
6580,3375,171500
6580,3375,171500
7500,3450,180000
7630,2829.60001,187800
0,15012,510300
6350,2537,190400
5922,2680,170600
5264,2626,154600
5264,2626,154600
6250,2604,201600
6250,3026.40001,215600
6000,3052.40001,189900
6000,3038.40001,173200
6500,2772,209100
6450,3146.40001,194800
5450,1200,162200
5000,1420,130500
5500,3432,189600
5500,3432,189600
5000,3636,202000
0,3348,198400
0,4537.5,181300
0,3102,196200
0,15012,510300
61420,39634,1350300
7140,6181,325800
6150,1302,131900
6300,1480,143000
7050,3588,192100
7050,3588,192100
5640,2344,182100
5560,2520,155700
7500,2616,203100
7500,3104,204400
2930,1436,82100
6450,1716,130000
7050,3588,192100
7050,3588,192100
6500,964,118100
5640,2344,182100
7400,4032,180700
7100,2388,85900
7965,2970.5,160000
5610,5700,189400
6300,3120,171500
0,3118,198400
6120,1255,124000
7500,1096,143000
5725,1550,135400
4900,1040.20001,145700
4900,1040.20001,145700
10000,1547,150200
5000,1006.25,129900
5000,1041.60001,124000
5000,1716,141500
7705,7980.31,567700
6440,2856.00001,180900
7965,2970.5,160000
7160,1400,136800
9281,3150,131900
6363,1068,119300
6363,1068,119300
5000,1318,127300
4900,1040.20001,145700
4900,1040.20001,145700
5000,1006.25,129900
5000,3489.8,203500
5000,1776,158500
4800,1600,143400
4800,1600,135700
5000,1041.60001,110700
7850,4023,165900
0,6516,197000
6713,3588,160000
6183,3510,197200
0,6525,222100
77972,60786,1018600
5300,3291.5,186700
5300,3291.5,186700
6844,3710.5,193900
5980,3041,270700
7000,3726,188900
0,4158,198400
7500,3354,180700
7100,9333,530100
6096,3666,193200
0,9486,370200
16330,7537,254800
6900,3492,176800
6900,3492,176800
5300,3291.5,186700
7769,2600,126600
5450,3498.5,195000
6500,3508,177100
6750,2370,165000
6040,1752,142500
7500,3481.25,180900
17870,1888.80001,143000
9000,2950,166800
6960,3390.00001,186000
6960,3966,191400
7250,2421.25,157300
7250,3558.5,161800
7500,2796,157300
11130,3851,186500
6500,3508,177100
7500,3117.5,173400
6040,1752,142500
10490,10236,539700
0,9072,607600
6865,3796.5,179200
7500,3047.5,150600
7500,840,104500
7250,1351,158500
6140,2760,105800
9000,2950,166800
9000,2950,166800
8234,2530,120100
6960,3022.5,168200
4275,2197.5,148500
4964,1920.00001,143200
7500,2796,157300
7500,3714,185000
7500,2612.8,215100
9341,2584,202400
0,8232,426800
5250,3492,158900
5250,3510,170100
0,5529,326600
15000,2655,167700
3800,2750,140200
11484,3729,190600
0,8238,350900
5200,3510,180700
0,9816,390400
7875,2732,199600
8900,2619,274800
3415,2904,129000
3415,2904,129000
6895,3726,161700
3125,2835,73500
3125,2835,74700
6250,3203,151300
4825,3861,168200
7500,2117.00001,156500
7500,2117.00001,156500
7500,3518,166400
7500,3518,166400
7500,3250,170000
3540,2748,132400
7700,3324.75,156200
4059,3341.5,132100
4059,3341.5,132100
4060,3668,152100
8225,3457.5,164200
7800,2732,199300
7800,2732,199300
7775,2732,199400
3456,2662,126900
3456,2662,126900
6895,3726,161700
7503,13424,119880
5915,3588,153200
3125,2835,73500
3125,2835,74700
4840,3861,185900
19250,3256.11,350300
7500,3518,166400
8480,4026,177700
8480,4026,177700
4060,3668,152100
0,14131.95,674000
4672,2145,109000
7840,2230,148500
4140,2053.40001,127400
4140,2053.40001,127400
7550,3223,134200
8600,3954,166300
7365,1764.00001,135100
6040,2375,150300
13600,3691.20002,194100
7500,3037.5,158200
6750,1676.00001,124500
7500,1798,142000
7840,2230,148500
8160,2469.5,162300
8160,2469.5,162300
8368,3494.25,160700
8368,3494.25,160700
4140,2031.00001,129400
5200,3055,153000
0,6048,72000
6280,3576,173600
6120,3936,178000
5960,3573,176500
6400,3386,145100
5043,3388,160900
5043,3388,160900
7640,4293,185200
0,25803,481100
7125,1211,96300
5425,3410,170600
4687,2375,124400
15640,1496,458300
6810,2846.40001,162900
4555,3525,56200
4555,3525,56200
4555,3525,56200
3890,2160,136800
0,5235,217500
7500,2514,149600
7500,2514,149600
0,5553,207900
2790,1365,70900
0,5146,197000
7500,2457.60001,147200
7750,3169,178600
7500,3696,160300
6726,4215,175200
5980,3899,165700
8320,6196,314100
8320,6196,314100
7725,1558,138200
8810,2257.5,178700
6900,1776.00001,143000
7500,2217.60001,161900
7600,3239.5,174400
5250,768,120300
4910,672,107400
4880,3513,200900
0,5733,334500
0,3024,160000
0,4950,188500
0,3840,179200
0,3840,179200
0,3840,179200
0,3840,179200
0,5624,279400
6200,2382,159900
6200,2382,159900
6200,2382,159900
6250,1680,126600
6300,930,118400
5050,2392,168200
3125,1386,93300
3125,1048,109400
3125,1048,109400
6050,1164,123900
5500,720,111400
5500,2640,158900
7500,3836,199000
4950,1260,138100
4950,1260,138100
7350,720,120900
7215,1752,162900
6300,2150,190500
5950,1534.00001,155200
5750,1498.5,159500
6500,1480,150700
6500,1859,140500
6500,1859,140500
9216,3120,189200
6000,2281.20001,163300
8450,1914,167200
5500,1152,137600
5500,1248,162600
5500,1567.4,154000
5500,1250.5,156100
5500,1250.5,156100
5500,1250.5,156100
5500,1250.5,156100
5500,1966,172900
5500,2480,179300
5500,1516,163600
5500,1352,144000
5500,1050,135700
5500,980,137200
5500,1260,133900
5500,1902,171900
5500,1902,171900
6850,1544,149300
7500,3326.40001,204700
7500,1925.00001,176500
7500,1925.00001,176500
7350,1386,148100
7350,1386,148100
0,6324,255700
0,6324,255700
5000,1116,151600
5050,2962.5,155000
5050,2962.5,155000
5100,0,111300
5150,1024,116100
7900,3858,198400
0,5952,178600
8050,2390,175300
5000,720,114000
6100,2520.00001,179300
5000,3780,190600
5406,2312.80001,184300
5406,2312.80001,184300
6350,3092.5,137700
6350,3092.5,137700
6800,3255,251700
7625,3983,241100
7000,2997.60001,200800
7000,2997.60001,200800
10273,3108.5,199700
0,8820,446500
5000,1103.20001,146100
8540,3668,215300
5050,1188,151400
4545,3726,224600
5250,3726,214400
5050,1256,136700
4850,1260,148200
6960,3348,195500
4920,3666,174300
6200,3492,167900
0,8403,401800
6864,1392,103300
6250,2829,146700
0,5376,207900
0,5376,207900
0,3300,219900
6007,2395,140000
13026,2460,154900
7500,2877.5,78800
7500,2877.5,78800
7500,2877.5,78800
7500,2877.5,78800
0,6048,72000
0,6912,95200
5720,3510,198800
5130,3936,178200
9200,3852,175000
7940,3936,181200
4040,3169.5,164100
4040,3169.5,164100
4920,3459,145500
7950,2396,197500
7950,2396,197500
6525,4462.20001,177900
6370,5042,122400
6370,5042,122400
6370,5042,122400
6370,5042,122400
6650,1350,131200
6650,1350,131200
6650,1350,131200
6650,1350,131200
7460,2803.20001,160800
3046,3747,109400
0,6120,229600
0,23820,1082100
5850,2510,146200
4960,2816.40001,165700
7500,2875,170800
7500,3476,178600
6000,3504,179500
6300,2940,166500
6285,2370,156400
8000,2612.40001,133000
8000,2371.3,152000
6250,1322,121000
3800,3162.5,162200
4995,982.5,101500
9984,3940,178700
9984,3940,178700
9960,2360.20001,147000
8350,2665.5,147700
6480,2872.5,163000
16560,8778,487200
7500,2884,196000
7750,3169,178600
8176,2625,171500
6890,2700.75,55300
8730,912,114800
8730,912,114800
7740,3132.5,181700
7700,3154,182100
5989,3561,176500
10036,4020,194400
6912,3096,170700
7400,5400,301100
7610,1626,136500
8393,8388,105100
6150,3404,177800
2000,1280,68600
4770,3232.5,174600
5740,3062.5,175500
0,5916,252900
7500,5670,230000
0,6048,89200
0,6048,197000
0,7044,263600
0,7044,263600
0,4680,167600
7500,1393.5,112800
7500,2071.20001,146300
0,9271.24,453600
6450,4974.5,176400
5712,2546.5,162100
0,7215,259400
0,7215,259400
8810,2257.5,178700
6900,1776.00001,143000
7600,3239.5,174400
7150,2831,173600
7500,2415.20001,157400
0,4501.2,189000
0,4501.2,189000
6111,720,115700
5467,1290.75,125000
2430,3693,182600
6150,3354,171400
6629,3432,182300
0,3024,170000
0,3024,170000
0,3024,160000
7400,4464,220800
7400,4464,220800
7600,2600,169500
7600,2600,169500
10500,3762,198200
10353,3588,178900
6260,2933.60001,210300
0,3840,179200
0,3840,179200
0,3840,179200
0,3840,179200
6250,3240,170600
6250,1888,134000
6700,1933.60001,138600
6200,2802.5,157000
6200,2802.5,157000
6200,2382,159900
7500,6512,286100
8060,1689.60001,153600
8245,3588,180600
8750,2373.20001,145800
8750,2373.20001,145800
8750,2373.20001,145800
6200,1225.60001,120300
3125,1048,109400
6000,3899.00001,237700
0,3776,185800
5500,1886.40001,131000
5500,2472.5,134800
9880,1786,179700
7860,1363,144800
6550,3744,178800
5250,1456.00001,135700
5850,2496,152300
6023,3660,197400
4950,1260,138100
6050,2338,208700
6050,2338,208700
6050,2338,208700
6050,2338,208700
6300,2150,190500
6400,2200,190300
5750,1498.5,159500
5750,1498.5,159500
6500,1814.75,150400
6500,1944,170300
6500,1917.60001,163600
6510,1492.5,143300
13780,1243,172700
8840,1544,154600
6780,2870.40001,186700
5700,900,129100
5650,1792.4,148600
6100,1374.25,149300
7980,2180,166700
6350,1384,145800
5500,1148,162000
5500,1528,149300
5500,1152,137600
5500,1487,143100
5500,1724.00001,144500
5500,1724.00001,144500
6050,1591.75,149000
6050,1591.75,149000
5130,3575,167400
0,3768.5,65000
10200,3272.5,161800
8260,3597.5,213000
4925,1792,113700
4925,1792,113700
9050,3240.25,71100
3498,3144,138400
0,4467,192100
0,27201,1462000
0,25758,1601600
20100,8168,463400
20100,8168,463400
0,6933,229000
6600,1636.5,160400
5500,1986,151500
5500,1250.5,156100
5500,1652,158900
5720,1536,158200
5500,2480,179300
5500,1800,171200
5500,1352,144000
5500,1672,190100
5500,1672,190100
5500,1050,135700
5500,980,137200
5500,1902,171900
5500,1288,139400
5500,1814,192600
5500,1814,192600
11250,1333,176100
11250,1333,176100
6700,1230.00001,148800
6700,1230.00001,148800
5000,1040.20001,133800
5000,1040.20001,133800
5000,1041.60001,139300
5000,1087,146000
5000,1192,137900
5000,2930,159500
5000,2930,159500
0,6933,229000
76230,19275,580300
0,6268,251100
10000,3789,202100
0,3374,95400
80624,25300,1191900
4924,3753,188200
4924,3753,188200
36250,7000,377300
1445884,210685,16257300
95396,19383,883800
30012,5040,172300
5000,2930,159500
5000,2930,159500
5000,3300,209700
0,11280,349200
0,11280,349200
7900,3858,198400
0,1824,150000
5000,720,114000
4000,1280,187100
4900,2520,190200
5406,2312.80001,184300
5000,2291.5,156600
6533,2496.00001,208100
6800,3255,251700
6490,1162.5,137500
6490,1162.5,137500
8131,1605,175400
7975,1180,135300
7000,2990,192000
7000,2990,192000
7000,3450,202700
97574,19752.00001,2436600
21600,3988.77,514600
5000,1080,142300
8540,2484,186400
8540,3668,215300
0,39614.39,1600000
0,6912,284100
4635,3660,180900
6585,3146,167100
4835,1822,154700
12595,2165,238500
9435,1271,117200
7500,2949.60001,115000
88862,42426,2931900
22630,5758,679200
5175,1494,98300
10000,3774,197100
10000,3774,197100
10000,3774,197100
10000,3137.5,193900
10000,3137.5,193900
7499,1421,131600
7500,1367.25,121100
155509,54138,5475000
8540,3668,215300
8540,2624,197300
8540,2624,197300
8540,2632,199400
8540,2096,180400
5050,1188,151400
5050,1512,150800
5050,2926.40001,183100
5050,2392,172500
4850,1260,148200
4800,1080,138800
5555,1802,112300
5555,1802,112300
4950,2378.5,178500
6860,1330,112300
6200,4284,214000
0,8403,401800
0,8334,187726
0,8334,187726
6350,4002,97300
6210,3435,175500
5900,3171.5,165600
5900,1239,114800
4400,3928,158900
6864,1392,103300
7500,2875,170800
155509,54138,5475000
7500,1315,107900
4760,3461,184800
4760,3461,184800
6300,3700.80002,250100
5650,1780.00001,134500
6550,3425,174400
11876,2162,175400
12900,16822,963100
12900,16822,963100
12900,16822,963100
0,5232,195200
0,5076,252800
5000,3500.75,144900
4000,1153,105000
4000,1153,105000
4400,1519,98800
5000,3645,175100
5000,2445,86100
5000,1440,140300
5000,1588,147200
5000,926,109500
5000,1872.5,138400
4000,3432,168100
0,4059,192100
6600,3272.5,249400
8000,3424,212700
7500,3476,178600
6000,3504,179500
6300,2802.25,179100
7500,3587.5,136700
8250,2684,166600
8000,2612.40001,133000
6250,1623.8,128800
6250,1322,121000
6250,1322,121000
4995,982.5,101500
4995,982.5,101500
5075,1513.25,122000
5075,1513.25,122000
5260,2482.25,142800
9600,5180,217900
7675,2513.5,190700
7675,2513.5,190700
8850,5427.5,205700
8000,3307.20001,238300
8600,2896,209700
8050,4542.25,294700
8050,4542.25,294700
7200,2477.5,233400
7200,2477.5,233400
8250,3258.00001,252200
9000,2394,224600
9000,3447,249800
9000,3447,249800
9000,3578,281400
8250,2608.5,203000
12400,3451.20001,228000
7964,2091.40001,176000
8555,3960.75,345800
9782,4248,324700
8400,4892,325400
20550,4334.80002,439300
10725,3877.5,327100
22240,6417.20002,678900
9990,3777.5,376600
16800,4525,377700
8520,2725,274800
11058,3341,327400
9960,2360.20001,147000
4455,5820,254300
7500,3456,209100
1980,1280,76000
15210,5488,351000
2900,1773,139400
5334,2791,156500
5625,2289.5,142600
5625,2289.5,142600
5625,2289.5,142600
6150,3404,177800
2000,1280,68600
4770,3232.5,174600
7500,4017,168700
4900,3684,151700
0,5916,252900
7500,2874.00001,157900
0,6048,197000
6900,3375,185400
6960,4262.5,278100
8100,3997.25,263400
13720,5210.75,491000
8450,3265.5,327700
10500,4123,431200
7200,2722.5,284900
8456,4054,387600
5490,3681.75,264600
8050,3857.75,257500
5320,4195.25,303200
6223,3681.75,271900
8570,4625.75,322900
13875,4417.5,352300
7700,3067,242700
7332,4075.5,261800
13875,4856.5,369400
11100,3140,289000
12000,4039,439600
68389,10731,750000
16800,5591,379400
5100,2178,235100
10890,3696.5,309800
17556,4265.75,482800
20748,3652.5,496000
15260,3435.00001,334200
24048,4250.38,629300
7500,1650.75,102700
4750,3198,156600
0,5838,184600
4680,2630.40001,146800
6450,4974.5,176400
8500,2415,72600
8500,2415,72600
5780,2525,91100
3400,3672,174400
0,7776,221100
6150,2590,174900
0,20745,1156400
30125,13595,750600
30125,13595,750600
4925,1792,113700
9050,3240.25,71100
9050,3240.25,71100
3620,2542.80001,141000
3715,2901.25,149200
3715,2901.25,149200
3815,2599,139600
10800,2196.60001,161800
31996,5005,516500
48647,5509.80002,676400
40560,2652,448000
32289,4355.2,462000
32289,4355.2,462000
16800,4307.25,500400
19900,4149.25,497700
15840,3314.2,523200
16800,2225.80002,318800
16800,3016.08,382000
16000,3900,481600
16000,4325.40002,415000
14400,3674.60001,418700
14400,3674.60001,418700
0,8784,616900
13325,3915.5,345700
12090,3082,334300
20928,4340,466800
11770,3805,350200
8950,2157,247500
16200,8584,688300
2650,1773.5,184000
7400,3622.5,197900
20140,32105.5,1370000
19315,2531,540000
8250,3315,130800
6600,3483,142300
0,5942,211000
10400,3288.00001,77514
8800,3927,195600
8800,3927,195600
11180,9926,533800
11180,9926,533800
3250,2414,109900
3250,2414,109900
3250,2414,109900
18530,8954,258500
4924,3753,188200
160917.2344,24900,792800
25520,36764,1607200
14080,7082,252900
14080,7082,252900
226948,27922,1796800
1445884,210685,16257300
730066,191384,4802900
8150,1812.00001,143500
9835,1073.80001,116100
0,6614,248700
0,6912,284100
4635,3660,180900
4635,3660,180900
88862,42426,2931900
7800,3540,189400
5657,1939.40001,153500
0,7104,363900
10000,3774,197100
7250,2429,192500
7900,3412.75,211400
10510,4187.25,263700
5000,3875,206400
7950,3337,119000
7150,4200,221900
4992,3741,222400
0,8742,352900
5000,3636,175600
6000,2802.5,155900
0,6534,244600
0,161664,10300000
5000,2131.25,141900
5000,2609.75,169900
4400,3741,126700
4150,3735,125100
20375,12992,700000
4500,2507.5,107500
4500,2829,108200
7050,3311,169500
6250,3439.5,173600
6250,3439.5,173600
0,7425,222500
6750,3745,171800
13980,10055.52,532500
10000,3137.5,193900
10000,3137.5,193900
7499,1584,128700
4520,3297,146100
0,3726,194200
0,6716,238800
5000,1498,97600
0,4872,233900
0,4872,233900
5000,5871,245600
7500,1315,107900
0,5654,233900
0,5654,233900
0,8958,514100
7050,3090,168600
6550,3425,174400
0,12189,624600
0,6048,101700
0,6048,101700
12900,16822,963100
12900,16822,963100
12900,16822,963100
4400,3501,171300
4400,3501,171300
4400,3501,171300
0,8463,468800
13980,10055.52,532500
13980,10055.52,532500
13980,10055.52,532500
13980,10055.52,532500
10050,5295,215900
10050,5295,215900
10050,5295,215900
16100,16048,575500
16100,16048,575500
16100,16048,575500
16100,16048,575500
16100,16048,575500
16100,16048,575500
6930,2235,134000
8450,8484,182800
8450,8484,182800
7200,3429,147100
7200,3184,160200
7200,3184,160200
5500,2887.5,160800
5500,8524,97200
11000,3013.00001,167200
5500,1608,125400
290981,243011,2123500
0,8463,468800
4800,3686,120900
5000,1230,111100
4250,2212.5,144700
5000,2445,86100
3800,1536,122300
3800,1536,122300
7700,1714.80001,168200
8850,5427.5,205700
8850,5427.5,205700
7500,1650,205400
7500,2520.00001,204600
8050,3012,209500
0,9861,367100
6900,1254,145000
20040,14025,605900
8250,3780.00002,292500
9000,3798.5,201200
8100,4185.25,139900
9000,1490,208700
5700,2241.60001,218400
5700,2241.60001,218400
13000,4594,336500
5700,2316.00001,220200
8250,2608.5,203000
9000,3300.5,273300
9000,2042.40001,134000
131203,92762.84,2836300
9190,4410,222900
7523,3393.5,193600
8650,3129.5,178900
7525,5883.25,197300
7525,5883.25,197300
7525,5883.25,197300
7750,3225,202300
7750,2595,204300
9000,3300.5,273300
7500,3439.20001,282700
10050,3760.00001,381700
10575,3115,331400
14500,3541.5,385800
22240,6417.20002,678900
6960,4262.5,278100
8100,3997.25,263400
24240,5226.5,443500
10328,2735.5,291200
6540,2926.5,315500
7800,3412.5,253900
5320,4195.25,303200
9516,4075,278500
7285,3976.5,252000
13875,4856.5,369400
31581,5544,539700
14400,3089.60001,365100
16000,4740.4,488700
16000,4740.4,488700
13600,4114,475300
16800,5591,379400
16800,5591,379400
13600,4435.25,452200
10890,3696.5,309800
7849,3036.5625,252200
44100,7482,746300
13580,6264.90002,555400
13580,6264.90002,555400
12030,7195.5,277100
7650,3366.5,264500
22043,3160,480400
0,10889,551200
0,8958,270200
10560,1784,53900
10560,1784,53900
43230,18430,1436800
0,7512,464700
5900,3357.25,103400
17507,4519.5,237600
17350,5273,250000
0,13098,508000
0,13098,508000
3000,1300,104400
3000,1300,104400
38722,10010,250000
8738,5670,295900
247420,389735.55,8739300
15753,4954.00001,247000
15100,12480,994900
9000,3942.5,190200
8250,1776.00001,125200
0,8988,365800
8250,3387,168500
7500,2380,145700
5000,3587.5,175800
8750,4767.5,201700
6350,3982,179800
7406,3055,175200
7650,3399,152800
7650,3399,152800
6790,2158,172500
22050,5349,588000
30360,3325.90001,375000
38570,4765,475000
28614,4335.00001,450000
27600,5298,495000
208620,6872.5,925000
24048,4250.38,629300
28200,2782,338800
27900,3818,535000
26617,4685.00001,541600
40560,2652,448000
17738,2236,347200
16800,3016.08,382000
14400,3360.40001,465900
8140,3585,253400
17750,2726,309200
7059,2307,221400
0,12804,647000
9970,2184.75,258800
2610,2706.5,150800
7200,3708,179900
7200,3708,179900
7200,4197,228500
19315,2531,540000
19315,2531,540000
7250,2429,192500
8700,3117,204200
3100,2304.00001,134100
10510,4187.25,263700
5000,3875,206400
5000,3875,206400
5000,3875,206400
6950,4200,221800
4925,3828,210900
5000,2208,134800
5000,2208,134800
5000,2208,134800
5000,2208,134800
7500,2184,157500
5000,3636,175600
6000,2802.5,155900
6000,2802.5,155900
6000,2802.5,155900
0,5916,219200
2600,1263,115100
2600,1263,115100
5000,2609.75,169900
9100,1680,101400
6350,3237.5,187000
6250,3439.5,173600
6250,3364.8,164900
6250,3364.8,164900
0,9576,333400
13980,10055.52,532500
13980,10055.52,532500
13980,10055.52,532500
13980,10055.52,532500
13980,10055.52,532500
13980,10055.52,532500
13980,10055.52,532500
10050,5295,215900
10050,5295,215900
10050,5295,215900
16100,16048,575500
16100,16048,575500
16100,16048,575500
16100,16048,575500
16100,16048,575500
16100,16048,575500
4950,9596,210000
6935,2125,142000
7900,697,74300
6930,2235,134000
8450,8484,182800
8450,8484,182800
5850,2329.5,152100
0,3900,147700
8262,3489.25,144000
8262,3489.25,144000
8810,3314.5,169000
3456,1770.9,129300
10760,6765,298900
4800,3102,136200
5550,2290,132300
0,5364,74800
0,5478,184700
6200,3726,167300
7750,2368,166300
0,11775,138436
4847,2160,60400
4847,2160,60400
0,5211,205200
10123,7280,318300
5770,6831,230000
3920,2979,60600
3920,2979,60600
6000,4575,194800
5405,4344,177600
6235,3361,158500
6570,4092,181200
7390,4167,160400
7390,4167,160400
7400,4032,176700
5500,8524,97200
5500,8524,97200
5500,1702,140900
0,18807,744000
5595,5832,270700
5712,2729.2,142000
5712,2729.2,142000
9000,2042.40001,134000
9000,2042.40001,134000
9000,2042.40001,134000
131203,92762.84,2836300
8590,4242,194400
8100,3795,179500
0,6384,221600
7525,5883.25,197300
7750,4021.92,215800
7750,3052.5,154100
9250,3552,175400
9250,3540,192000
217051,49248,1884700
44867,6491,425900
0,8958,270200
7375,4032,84300
11700,13649,158800
11700,13649,158800
11700,13649,158800
11700,13649,158800
14700,15364,760200
6570,4371,186400
3224,3474,147200
4890,3608,232200
4950,4974,211500
0,5376,194900
8540,3426.55,155600
0,5388,194900
0,5388,194900
0,5388,194900
10780,4864,427300
5975,9440,149800
5400,9036,350000
0,2726.5,169000
4810,4944,208500
6380,4392,139500
6380,4392,139500
6192,2256,125700
3750,2392.5,130100
0,26336,1159000
0,7956,464700
27140,25763.08,600000
2460,2307.25,89200
5206,2650,134000
3070,2480,160000
3000,2399.25,112000
17507,4519.5,237600
7000,2959.60001,167300
0,13098,508000
0,13098,508000
4124,3407,45000
4124,3407,45000
4426,1620,105500
0,2871,226700
0,2871,226700
7500,4658.75,206600
3680,3168,161700
99305,730457.92,27029700
99305,730457.92,27029700
0,21560,705200
0,8118,432300
5310,4473,193300
6000,3888,103400
5640,2985,159700
2790,2802.5,158700
4545,2960,156500
6660,3924,97900
6660,3924,97900
5145,2112,118900
6380,4059,161100
6424,3714,154000
121444,267085.88,7500000
10800,14384,146700
0,66061.52,2415100
0,17442,572200
5130,4299,325600
0,34206,1117600
22990,4680,197600
7450,4263,167100
0,9072,416400
0,5808,76800
5400,3444,167700
1990,2442,118700
15753,4954.00001,247000
8900,3202,169800
0,8988,365800
8250,3265,176200
8580,4204.75,153300
8520,3945,191300
7500,2380,145700
8750,4767.5,201700
7580,3377,159000
6160,3393.5,192100
7650,3399,152800
5400,1560,147400
8175,2970,168000
5280,3349.5,168200
7040,3470,206800
6500,4407,188700
6500,4407,188700
11350,8960.9,625000
11350,8960.9,625000
11350,8960.9,625000
5340,3822,151800
4380,2616,129500
4380,2616,129500
4830,4023,102800
5457,4275,179100
10000,4410,151700
0,4416,206700
0,5781,217500
3240,1336,98000
6630,2732,214300
6630,2732,214300
0,4134,186900
0,4329,194200
7540,5150.75,153400
7540,5150.75,153400
7540,5150.75,153400
3940,2838,123500
3940,2838,123500
10000,3309.60001,197400
0,8037,465200
3000,2937,59202
7020,3991,100600
4800,3015,137900
8040,3798,155900
0,7214,186600
5890,1760,135600
6350,3369,171900
6310,2947,135100
5600,12000,88000
0,3685.5,179200
12625,4642,277700
0,8720,285100
0,18276,570400
3043,4206,125500
0,11382,427800
6040,3236,115400
9902,4194,181300
5264,3573,153700
3700,1680,112500
3700,1680,112500
6085,12346,528900
6966,2730,146500
6250,3542,42300
25072,14873,711700
0,5202,181100
0,5544,148200
0,5544,148200
3420,6104,84400
3230,7475,89000
2375,5895,69700
4675,4371,185100
10090,5354,381600
7365,2985.5,150200
6195,4104,171600
8650,6960,216100
6610,4092,175100
7390,4167,160400
4000,3852,176000
12400,13260,1376700
0,7224,295900
64469,83600,4522000
6290,1500,167500
22658,18446,672800
2543,9005,360200
2700,7930,275000
92608,983691.59,64087000
92608,983691.59,64087000
0,3528,154400
5800,4248,185700
8045,6721,332100
4950,4281,181000
8540,3426.55,155600
4950,4329,185800
0,6876,250400
0,2726.5,169000
3250,2187.5,160900
4545,2960,156500
4545,2960,156500
6705,4068,180900
6705,4068,180900
6380,3849,177700
22850,18742.08,488900
13375,2356,161900
0,17163,565900
6440,4746,391900
7710,4176,118000
2835,3120,141100
6670,4143,164900
7450,4263,167100
11532,5226,515800
0,9072,416400
0,5544,86200
0,17276,639400
8642,2800,185300
1590,2442,106900
1590,2442,106900
6000,3952.5,91900
6760,3247.5,193600
6900,1990,115100
6900,1990,115100
4800,5795,375000
0,8640,353200
5340,3822,151800
13510,9973,401900
4380,2616,129500
0,12012,488200
0,3012.5,179200
0,3012.5,179200
8970,2732,216800
4680,3996,145800
4680,3996,145800
5472,2832.00001,130200
141398,207244.3,7000000
7050,3900,140200
7050,3900,140200
0,10335,450000
0,12096,664000
0,12783,756400
84082,70877,1544800
84082,70877,1544800
84082,70877,1544800
84082,70877,1544800
84082,70877,1544800
84082,70877,1544800
5124,3390.75,98400
6500,2911.25,171800
0,8800,377100
12625,4642,277700
15170,9632,613300
6510,16857,350000
0,7884,213900
84082,70877,1544800
84082,70877,1544800
84082,70877,1544800
84082,70877,1544800
84082,70877,1544800
84082,70877,1544800
84082,70877,1544800
84082,70877,1544800
84082,70877,1544800
90604,277232,12550000
64075,120287,1614639
83635,109275,4831800
0,7587,255200
6290,1500,167500
6940,5290,78800
3445,12540,71900
3445,12540,71900
1940,1716,83700
5352,36000,900000
8690,3900,280000
9801,53531.31,2900000
5750,3477,138300
5000,2023,125200
33750,3594,405200
21090,4922.60003,495100
29700,3853,470000
5000,1056,116900
6250,1344,126900
6250,1300,125400
6250,1300,125400
7250,900,105400
7250,900,105400
5900,1224.00001,99600
6500,2246.40001,146400
5140,1445,118100
5710,1317,82600
5710,1317,82600
5750,1079,117900
5750,1079,117900
17400,1920,146600
6710,1109.80001,129900
6000,1109.80001,126300
6000,1109.80001,126300
6000,1109.80001,126300
6750,1051,125800
8300,1015,122500
8800,1450,124100
9790,1530.25,135800
9790,1530.25,135800
7110,1536,110600
7110,1536,110600
10000,1330.5,137000
10000,1156,126300
8500,1368,130200
9750,1126,120100
9047,1569.60001,134900
8125,1260,131600
6090,1440,90900
6750,1380,126900
7000,1698,122800
8480,1248,125900
8645,1248.00001,115900
7500,1568,140300
10500,1092.00001,116000
7440,1344,133500
7500,2732.40001,166500
8400,1896,137400
8400,1896,137400
8400,1644,133800
10000,1810,151100
8300,975,116400
11700,19340,830100
16000,7187.75,300000
6000,3666,151600
6000,3666,159600
84082,70877,1544800
84082,70877,1544800
84082,70877,1544800
8405,975,106200
8940,1120,122800
6100,3958.75,205800
5000,3432,163500
5000,3458.5,161400
5500,3149,161400
5500,2782,144100
5500,2852,80000
6770,4416,109600
5500,2990,165100
5500,2990,165100
5500,2132,146100
5000,3050,152700
5000,2760,162700
5000,1822,152000
5000,2800,164500
5000,2800,164500
5000,3912,182600
5505,1520,71200
6500,1386,127000
6500,1386,127000
7890,3870,216000
8035,3120,195200
7650,3248,173700
7650,3248,173700
8973,3713.60002,185800
35841,52863,2525000
64075,120287,1614639
19740,8807,975200
8280,3480,152600
5750,3477,138300
33750,3594,405200
5000,1056,116900
5000,1056,116900
6250,1039,122000
6250,1826,138200
7500,900,91400
7500,900,91400
5710,1317,82600
6954,899,118600
5710,965,122400
17400,1920,146600
7750,1560,127100
7750,1406,142400
7701,1384,123100
8300,1015,122500
8300,1015,122500
8800,1450,124100
7110,1536,110600
8700,1568,170800
10000,1486,109900
6500,1102.5,124000
6500,1102.5,124000
8500,1368,130200
7800,900,107400
6090,1440,90900
6400,1780,160800
6950,1536,146200
9240,1152,108100
7500,1245,108600
10500,935,111700
8833,1092.00001,112300
8730,3864,178500
0,10509,501400
0,9078,342500
6700,2497.5,136400
7000,1685.2,126500
7000,1848.5,120100
5960,3355,162100
5000,3461,162200
5000,3885,171900
9104,12771,750000
5300,3723,172900
5000,1659.5,130300
5000,4080,155800
5000,4080,172200
5000,4080,172200
0,5742,201100
6250,4080,193700
6250,4080,193700
6800,3023.5,162100
6800,3035.5,157300
6800,2834,150700
6800,2834,150700
6970,1965.60001,139900
11400,1688,135000
11400,1688,135000
7125,3088,185000
6250,2800,179600
6250,2800,179600
6330,1111.20001,116100
9620,1094,123900
6000,3024,181500
6280,3110.40001,159100
9890,1887,140700
9890,1887,140700
8680,3582,229000
6405,3136,179500
6370,2912,179500
6420,2756,178900
7580,3479.20001,197200
6790,2616,146000
7000,4513.60002,188800
7000,3261.5,167700
5915,3657,180900
9080,2206,145700
9080,2206,145700
7000,2142,157800
7000,2142,157800
7000,3360.00001,194800
7000,2932.80001,189200
7175,1273,116200
6450,2600,173100
6280,2374,171200
6540,2857.60001,181700
8400,1644,133800
8400,1644,133800
10500,900,118500
10500,900,118500
12600,1179,139700
8285,1241,126100
16580,1439,139700
8415,1048,121800
8400,1184,109300
19962,1890,293200
6100,3958.75,205800
5000,3744,180600
5500,2782,144100
5500,2782,144100
5500,2782,144100
5500,3402,164400
5500,3672,191900
5500,2990,165100
5500,2990,165100
5500,2090,131600
5000,3699.75,154500
5000,1822,152000
5000,3912,182600
6500,1386,127000
7890,3870,216000
7890,3870,216000
7480,2800.80001,175300
7050,3744,168800
10080,1244,122100
10080,1092,97400
7500,4050,186900
6860,3523.25,170000
7560,1021,128700
7560,1021,128700
8090,3928,175500
6370,1298,109000
6900,2686,187200
6900,2686,187200
7880,3107,150700
7880,3336,209500
7150,1228,88500
7130,2666,178900
7300,3234.80001,182300
6475,2632,189300
8025,1632,120200
8650,1312,130900
7825,1344,121200
7800,1984.20001,144300
7775,1152,124500
7775,1152,114200
9650,1188,111600
10000,1123.20001,115100
9068,3210.00001,178800
9968,3737.5,185800
9968,3737.5,185800
8730,3864,178500
0,10509,501400
0,10509,501400
0,9078,155900
5960,3355,162100
5960,3355,162100
5000,3311,160300
5200,2464,212100
5000,3461,162200
5000,3885,171900
5000,3885,171900
9104,12771,750000
9104,12771,750000
5000,3741,145000
5300,3723,172900
5000,4080,155800
4875,2716,141900
4875,2716,141900
0,12732,650600
20125,13166.5,425000
6800,3240,162000
8640,1932,141600
8275,3898.80002,198300
6000,1285.20001,116500
5000,1224,133800
5000,1224,133800
7175,1675,207700
6820,3447,159400
5000,1532,131900
5000,1532,131900
6250,1382,122100
6250,1382,122100
6250,1046,124900
6250,1428,120600
6250,978.00001,107200
6250,1638,136900
6400,767,115700
6400,3080,179600
6420,1632,132300
5750,2240,155500
5750,2240,155500
5750,2240,155500
4890,2870.40001,153700
5560,900,112900
5710,986,101400
5710,2964,150300
5710,1167.25,118700
5710,2716,170600
5000,1191.40001,106200
5000,899,99300
5000,952,90300
5000,672,82000
7050,1075.20001,113600
7840,1120,104900
10680,1274,135400
7950,2733.5,175100
9910,1664,136100
9660,1506,127700
7600,1664,127700
8790,2154.40001,140100
8790,2154.40001,140100
9440,1938,139600
9270,1938,133900
7810,1075.20001,97800
6240,1338,118000
6575,1008.00001,97100
8190,4171.25,212600
6500,1008.00001,106700
44431,4078,139000
44431,4078,139000
7340,1598.8,116300
13460,2760.5,137300
9200,3420.80001,166900
11400,4259,222900
6250,4200,173900
9360,2856,131700
6280,3110.40001,159100
6280,3110.40001,159100
9890,1887,140700
9890,1887,140700
6250,3024,183400
6250,3024,183400
6370,2912,179500
7125,1834,143200
6790,2616,146000
7000,2142,157800
7000,2142,157800
7000,3249.40001,153900
7000,3548.00002,186500
7000,2932.80001,189200
6450,2600,173100
7975,1332,132300
7400,2284,171400
7000,2708,178500
7540,2442,168000
7540,1152,99900
10080,1244,122100
7500,4050,186900
6200,3230.40001,200700
6860,3523.25,170000
8620,1568,139800
8620,3001,169300
10210,3894.5,159400
9000,2880,132500
8460,2531,110800
7670,2505.60001,149000
7700,2481.60001,152200
8220,1870,150800
9850,4311.25,146700
9850,4311.25,146700
6300,3067.5,156800
7896,2557.5,135600
7896,2557.5,135600
0,5766,184700
5650,3648.75,78500
5650,3648.75,78500
8550,3368.75,30600
11985,4262.5,70900
5125,3297.25,136100
6665,3738,81500
6840,2985.5,135100
7950,3929.75,157000
6710,4225.5,115200
4945,3932.5,132900
4885,4398,165200
7400,3963,159700
6750,4162,91500
6750,3810.5,169300
5500,3241.5,142400
7575,2423,132700
7575,2423,132700
6750,1773.00001,49300
6750,2928.75,140000
6400,2884,144000
10000,1875,108900
9900,1928,131100
10425,2482,90000
9145,2079,111500
7200,2539.5,150600
9800,3132,172100
9875,4601.25,211300
16272,2500,146000
8162,1940.00001,113100
5380,3696,167000
9200,3062.5,143500
9200,3062.5,143500
7240,3367.5,152200
7290,4040,154200
7470,3600,163300
6310,4039.75,168200
11750,3252.5,150500
6475,2340,184700
6370,1298,109000
6370,1298,109000
6210,1530,126800
6210,1530,126800
7890,1050.00001,104800
7520,1050.00001,101700
7000,1476,134600
7135,2962.5,181200
6860,2717.5,202800
10000,1500,159500
10000,1500,159500
8820,1600,136000
70753,11242,2114400
7130,2666,178900
7130,2869.00001,175300
0,4410,198400
7725,1350,117200
8636,2548,216900
8750,1614,134200
8750,1764,141300
8230,1624,151200
7775,1152,124500
7775,1152,124500
7585,1380,119900
10000,1123.20001,115100
6000,1285.20001,116500
7025,1580,163400
7025,1580,163400
9110,1344,120900
6250,1486,127300
6250,1486,127300
6250,1382,122100
6250,1480,126000
6250,1046,124900
6250,1046,124900
6250,2991.60001,105300
6250,1638,136900
6250,1638,136900
6400,1182,100100
6400,1116.5,114300
6400,1226,73800
5750,2392,172200
4890,2870.40001,153700
5710,2560,150400
5710,2560,150400
5710,986,101400
5710,1167.25,118700
5710,2218.00001,119500
4570,1260,112300
7050,1075.20001,113600
8750,4347,174400
0,5742,190300
7200,4863,104200
7200,4023,133200
8175,4559,180200
8175,4559,180200
6355,3367,137200
8400,3573,100000
7500,4116,177000
4835,3978,67900
6580,8238,300000
7500,3826.25,150300
7830,3558.5,167200
8530,3661.5,83500
8550,4181.5,175900
7500,2840.5,133700
7500,3803.25,158200
7500,3803.25,158200
7500,2104.80001,115800
8300,4066.60002,169600
7500,4387.5,175000
12075,2858,132000
7350,4365,171000
6800,4200,162000
9260,9993,354500
0,9120,246800
7050,1075.20001,113600
7050,1075.20001,113600
7050,1075.20001,113600
8660,1664,114900
7840,1120,104900
7840,1120,104900
7500,2464,187600
7500,3249.60001,161000
8340,1574,120800
8195,1120,105600
8195,1120,105600
8195,1120,105600
9540,1938,142700
9240,1664,132200
9240,1664,132200
8790,2154.40001,140100
6150,1075.20001,103800
9400,1664,133200
9750,2014,121900
9750,2014,121900
6635,1664,126700
6200,1200,111800
6375,1008.00001,104500
6375,1008.00001,104500
6525,864,104300
6175,1260,102100
7000,3849,194200
8720,3535,204200
10000,4060.80002,159600
7850,3532.75,142900
6800,3306.75,157200
7300,3726,145500
6480,1904,142900
6480,1904,142900
6840,2925,138000
3400,2824,130100
3400,2824,130100
3400,2824,130100
3400,2824,130100
3400,2824,130100
3400,2824,130100
8250,3968.75,142000
8250,3968.75,142000
8250,3968.75,142000
6640,4194,178500
7550,3888,154800
6300,3696,158200
6300,3696,158200
6640,1190.00001,103800
9225,2432,195900
9600,1683.5,110600
44431,4078,139000
44431,4078,139000
9790,1467,123500
7940,3517.25,146400
7340,1598.8,116300
13460,2760.5,137300
13460,2760.5,137300
13460,2760.5,137300
12980,1930,166300
12980,1930,166300
14420,2470,149400
9600,4076,198600
11100,1924.30001,158400
8550,1820,126600
8220,1870,150800
10560,1664,115000
10050,5028.75,283800
9520,2202,150600
10200,2082,155800
5000,1847.5,83100
6550,3398,138100
8850,3398,150500
4150,3509,156300
7700,1364,103000
5625,3696,111800
5625,3693,128500
5750,3715.25,208400
5476,2076,121000
11375,3657,129800
0,2940,188900
9825,1326,96600
10700,2600,122200
10700,2600,122200
8335,4027.5,176600
7550,4190.75,250700
8815,1960,125800
7750,3921.5,142500
4610,2058,95100
8450,2022,114200
9235,1992,136200
9310,2240,160100
8950,3945,149800
11040,3372,140000
0,3392,198400
7500,2620.80001,129200
7255,3888,147200
7255,1656,104900
0,5832,176000
0,5832,176000
11786,1509.3,41500
6665,3738,81500
6840,2985.5,135100
4650,3400,145500
0,7860,40300
6750,2084.00001,121800
6750,4609,171400
0,9348,189104
6493,3701,150900
6400,2884,144000
5474,10265,118800
5474,10265,118800
21395,3221.75,130900
9900,1928,131100
10000,3581.5,158100
10000,3581.5,158100
7330,3443,155300
8165,1883,115300
7290,4040,154200
7470,3600,163300
5470,4136.25,154700
7500,4004,67900
6250,4057,132100
11750,3252.5,150500
6320,3903.5,115600
11786,1509.3,41500
11786,1509.3,41500
11786,1509.3,41500
5710,1972,107700
11180,1260,84600
4460,2902,144300
7200,3645,150700
7575,3726,145600
10600,3432,32300
10600,3432,32300
12720,2110,128000
7500,2161,120300
6960,3794,159000
0,3628,186900
0,3628,186900
0,5841,180000
6535,3783,139500
6535,3821,109200
3930,3222,136900
4000,2874,90700
4000,2874,90700
5000,2198.40001,119600
5000,1656,97700
4990,2466.75,110000
7575,1680,147900
7500,3826.25,150300
7500,4147.5,138900
3500,3009,123000
8200,2606.60001,119100
8855,4308.25,165400
7500,2840.5,133700
7500,3880.25,172100
7500,3880.25,172100
7500,3880.25,172100
7500,3803.25,158200
7500,3791.25,140400
5950,10575,514300
7000,2620,153100
7500,3802,68400
7500,3836.25,161900
6700,4200,160600
8720,3535,204200
9207,3849,198600
0,5985,176000
5000,2966,149800
5000,2966,149800
6110,3852,62000
6110,3852,62000
6480,1904,142900
6480,1904,142900
7950,832,46800
6750,3888,147800
7425,4660,121200
7500,3639,180500
7500,3639,180500
20000,2128,131800
7500,2778,64600
7000,3645,150300
0,10368,435000
0,5742,74100
0,5742,74100
0,5742,74100
4096,1284,87200
7500,1555,107300
5000,3588,106100
9023,1467,43700
5000,3000.5,115500
26840,14574,669800
15350,9180,183800
5632,3375,130300
12148,1747.20001,140000
0,4800,71600
0,41277,2288400
5534,5742,88800
3400,2824,130100
3400,2824,130100
3400,2824,130100
3400,2824,130100
3400,2824,130100
3400,2824,130100
0,6480,76600
8250,3968.75,142000
0,7215,172400
4950,3402,73800
7550,3888,154800
7400,1144,106200
19840,8838,399700
7430,3888,184200
7430,3888,184200
7700,1364,103000
7700,1364,103000
5625,3693,128500
5750,3715.25,208400
5750,3804,130600
7195,3795,148500
6750,1272,44700
4220,6240,315300
3500,3393,161200
3500,3393,161200
10220,2550,143000
0,6870,174000
5000,2160,140300
5000,2965,76200
5000,2965,76200
0,6465,172400
0,6465,172400
5000,3517.25,155300
5000,3517.25,155300
5000,2988.00001,156100
0,6504,111488
5050,6504,8600
0,6418,111488
0,6864,81184
4845,3681,166600
0,7278,211000
7195,3795,148500
7515,2274.00001,125200
12600,4500,188600
12985,3000,159600
5220,3864,143300
5220,3864,143300
9825,1326,96600
9825,1326,96600
9825,1326,96600
10330,3714,126300
8335,4027.5,176600
9100,2932.60001,114700
6350,3459.5,151900
7750,3082,156600
10280,3000,235400
7750,3485,147000
7750,3485,147000
8840,1666,123700
8840,1666,123700
8515,1073.80001,82100
5800,2508,126000
8650,2022,102700
7700,4200,178100
9860,3843.25,165100
0,7002,211000
5760,2436,128000
4050,3663,162400
4050,3663,162400
5385,3432,158000
5000,3389.5,129700
5440,2846,157400
5125,3887,192600
4680,3135,92626
4680,3135,92626
0,6975.6,337500
0,5324,172400
6325,2770.60002,178300
0,6732,101600
0,11682,303500
0,9918,183300
7403,3912,165300
0,7776,349100
7050,4638,193400
7500,4071,167800
0,6090,172400
0,9460,347300
5675,1075.20001,95200
0,48813,1500000
10000,4200,161300
10000,4200,161300
6250,3858.5,145300
7755,4032,152500
7255,1656,104900
7255,1656,104900
6000,3588,140300
5750,966,83400
5060,1850,119500
5175,1972,123300
4570,1780,119200
13530,3481.5,178200
6000,2308,111200
0,69396,2944100
11786,1509.3,41500
11786,1509.3,41500
0,5445,70300
7850,3168,130100
11180,1260,84600
4800,3480,61000
7200,3645,150700
7575,3726,145600
7500,2161,120300
7500,2161,120300
8195,4032,128700
5890,3744,143000
8900,3888,152600
9385,3744,148700
9385,3744,148700
7750,4050,150200
0,3628,186900
0,5742,35000
0,7200,287300
7630,1990.40001,137700
13230,7665.66,187900
5025,2096.00001,107300
10000,2224,55000
5000,1946.40001,119200
7500,2553.60001,132500
0,5702,192300
6750,3888,147800
6750,3885,164200
7500,1444.80001,95000
7500,652.5,43200
8950,3752,161000
7500,4116,66900
0,8160,326300
4100,2690,243400
3840,3717,72100
5030,2160,168200
7575,4752,186700
5000,1392,116600
2680,1452,126700
0,9072,368500
4900,3168,131700
4960,3288.9,145200
4960,3288.9,145200
4960,3288.9,145200
5820,3252,147900
6300,3292.5,117800
6300,3292.5,117800
0,6120,179600
0,5916,179600
4806,1280,126200
4806,1280,126200
3570,1559.60001,106900
3928,3948,153000
0,6372,85600
7400,3666,156200
0,5742,74100
5000,3588,106100
10550,1100,106100
10475,2552,175800
10450,3377.5,29100
0,7437,187500
12148,1747.20001,140000
0,4800,71600
5534,5742,88800
0,5136,244700
7125,3849,210400
0,5220,70700
5220,2980,145600
0,35508,1572700
4420,2160,156500
4420,2160,156500
4700,3052.5,153300
5000,2160,140300
5000,2965,76200
0,5742,177800
4400,1390,110900
5000,2988.00001,156100
5000,3566,150500
5050,6504,8600
0,6456,82904
7500,4050,32400
7500,4737,165100
7200,3915,163700
8341,3637,70100
6305,3582,62000
6255,3348,142300
11250,972,105900
11250,972,105900
10590,1075.20001,109400
11770,4029,182500
13275,1119,127900
13275,1119,127900
28350,2730,175300
12300,1209.60001,113100
5680,3510,151000
6710,3338.5,137600
6600,3228,150500
6600,3228,150500
6860,3542,152800
8150,1024,91500
6300,864,96400
6300,864,96400
6010,3402,160800
4000,3516,152200
0,7278,50880
4050,3663,162400
5440,2846,157400
0,7950,126700
8200,5424,266000
6150,4589.5,31600
6290,1350,115300
6290,1350,115300
6290,1350,115300
5300,3594,154700
5300,3594,154700
0,4604,165700
10230,4448,107500
10230,4448,107500
0,4302,56800
0,9600,382700
2960,3306,153200
3380,4875,200900
6215,864,101300
10000,1296,120300
9000,2870.40001,152600
9000,2610,151000
18520,1941.00001,130400
5300,1600,124500
5300,1600,127500
5300,1600,115900
6700,1116,94200
7500,1242,111000
6750,2288,157000
8540,5156,241200
6125,2546,131300
6790,1833,124200
6800,1232,136000
12345,1376,118100
38108,34659,463100
7250,2158,126600
7250,2158,126600
31650,1825,226300
31650,1825,226300
10272,2560,178900
7891,1566,132000
7891,1566,132000
9598,2560,178600
7470,4419,189200
0,10214,406800
0,6924,73776
0,14811,497700
0,8076,172400
0,4980,174000
0,5970,168200
0,10656,385400
7300,4071,166500
7500,4071,167800
9460,4656,184000
8440,1382,103200
3725,2888.80001,147800
0,5418,162100
3840,3717,72100
3840,3717,72100
4820,3480,106000
4820,3480,106000
0,8764,245000
5030,2160,168200
5030,2160,168200
0,12383.67,541600
5290,4695,189300
0,3672,198400
0,3672,198400
5540,3514,129600
151153,54415,875000
5000,1368,115100
5000,1330,99100
5000,1330,99100
6250,1368,114800
5200,2706,84600
5200,2706,84600
30540,27788,355900
0,5910,194300
0,5910,194300
7642,3483,141100
6738,1350,85300
6738,1350,85300
6272,2392,165700
6272,2392,165700
7350,1368,116500
9150,3353.75,130100
0,19972.41,799100
6,5940,183300
6875,6161,198300
4884,1441.60001,105900
4884,1441.60001,105900
126324,39361,5300000
0,3672,198400
4030,2698,135900
0,21480,823800
6530,3433,147900
6530,3433,147900
3134,2547.5,147400
6040,3961,162200
0,7881,215000
9170,3391.5,152200
0,6914,200000
12061,1430,92800
0,6120,179600
7200,4320,181600
7200,4320,181600
7285,3640,151400
7400,3666,156200
5805,7561,238100
7060,1575,131200
16800,10047,101600
6305,3582,62000
11250,972,105900
10590,1075.20001,109400
11100,2252,175600
15000,1568,104400
12570,2502,197200
12730,8443,57900
33506,1588,365500
72310,16436,2294300
6000,1249,134500
6860,1392,128100
6860,1392,128100
5045,1392,125100
6000,1374,129100
8456,1392,130900
35124,5911,390500
4985,19759,600000
6685,1470,139500
6720,1480,124500
14090,3391.5,192600
9365,2037,159400
7161,1636.25,141900
7151,1470,140500
7228,1470,144800
8271,1482,126600
30125,1580,136400
30125,1580,136400
9000,912,106600
12300,1209.60001,113100
0,5700,212300
0,6606,194300
7000,3986,80900
7000,3986,80900
7956,3676,140900
14995,8445.5,224100
14995,8445.5,224100
13525,3203.75,165800
13675,1075.20001,102100
8340,3744,166400
8250,2562,167000
0,6465,181900
308840,35417,1431700
308840,35417,1431700
6300,864,96400
15660,992,94300
9000,1456,149300
9000,1456,149300
8140,1390.5,136500
6700,1116,94200
6750,1446,107800
6750,1370.25,118900
7500,1242,111000
35005,8612,215000
35005,8612,215000
35005,8612,215000
6000,3918,152200
6445,3117.5,190400
6007,1500,141600
0,6930,216800
5020,3532.75,100806
2849,1340,136600
14505,1881.12,85900
6325,2236,158300
6075,2464,125900
5830,2548,84770
12345,1376,118100
38108,34659,463100
6570,3723,157400
6570,3723,157400
47916,24521,185000
7891,1566,132000
7627,1566,132100
151153,54415,875000
151153,54415,875000
22000,11720,214300
6250,1368,114800
5250,2185,113000
41300,33404,377400
0,5910,194300
6738,1350,85000
6738,1350,85000
6738,1350,85700
4950,3196.5,121900
0,5940,202400
8997,2123,176300
0,348,34200
0,879,53700
0,888,70100
0,922,70600
0,348,34200
0,839,69200
0,910,70400
0,886,70000
0,833,69100
0,439,42500
0,340,33500
0,886,70000
0,833,69100
0,949,71100
0,305,30300
0,453,43800
0,922,70600
0,910,70400
0,886,70000
0,833,69100
0,305,30300
0,682,49700
0,684,49800
0,940,59700
0,940,59700
0,1186,45100
0,1114,44400
0,1114,44400
0,1186,45100
0,1159,52400
0,1159,52400
0,1405,49400
0,1159,52400
0,376,33100
0,396,34700
0,400,35100
0,608,43300
0,608,43300
546329,60168,5218300
187334.4531,48012,1915800
33506,1588,365500
33506,1588,365500
609840,1488,150800
5907,1392,130700
6860,1392,128100
5080,1442,127400
9750,2250,133100
7662,1674.72,133800
3800,3150,130200
7151,1470,140500
7151,1470,140500
7151,1470,140500
8616,1470,144100
9380,1620.00001,131000
0,608,43300
0,608,43300
0,608,43300
0,608,43300
0,818,51500
0,373,27300
0,608,43300
0,608,43300
0,818,51500
0,818,51500
0,608,43300
0,608,43300
0,390,31500
0,706,34600
0,636,38800
0,368,26500
0,390,31500
0,390,31500
0,390,31500
0,390,31500
0,390,31500
0,390,31500
0,390,31500
0,390,31500
0,390,31500
0,390,31500
4892,2009.00001,147300
5805,1836,135500
8661,1241,86300
7501,2496,175400
7000,3600,115500
7000,3600,115500
7000,3600,115500
7000,2496,224500
0,390,31500
0,390,31500
0,390,31500
0,390,31500
0,843,53100
0,495,45500
0,727,62500
0,328,19800
0,656,30800
0,482,52100
0,482,52100
0,562,57900
0,482,52100
0,482,52100
0,562,57900
0,482,52100
0,482,52100
0,562,57900
0,698,34200
0,706,34600
0,698,34200
0,702,34400
0,702,34400
0,706,34600
0,706,34600
3002,2178,178600
9336,1881.12,89600
12684,1881.12,91700
0,1405,49400
0,839,69200
0,888,70100
0,922,70600
0,698,34200
0,702,34400
0,702,34400
0,706,34600
0,698,34200
0,706,34600
0,698,34200
0,702,34400
0,702,34400
0,544,36400
0,546,36500
0,408,29200
0,407,29100
0,410,29300
0,407,29100
0,368,26500
0,410,29300
0,408,29200
0,493,45300
0,493,45300
0,493,45300
0,495,45500
0,496,45600
0,369,34500
0,496,45600
0,340,33500
0,949,71100
0,305,30300
0,348,34200
0,405,39400
0,922,70600
0,839,69200
0,910,70400
0,348,34200
0,384,37500
0,839,69200
0,340,33500
0,949,71100
0,695,50600
0,675,49200
0,687,50000
0,874,53600
0,904,54000
0,675,49200
0,687,50000
0,874,53600
0,904,54000
0,940,59700
0,940,59700
0,940,59700
0,940,59700
0,1114,44400
0,1186,45100
0,1405,49400
0,1405,49400
0,1159,52400
0,593,50900
0,408,35700
0,386,33900
0,455,39600
0,577,49600
0,430,37500
0,481,41700
0,581,49900
0,416,36400
0,608,43300
0,608,43300
0,608,43300
0,608,43300
0,608,43300
0,608,43300
0,608,43300
0,608,43300
0,608,43300
0,818,51500
0,818,51500
0,757,46000
0,566,36700
0,505,32900
0,513,33400
0,530,34500
0,566,36700
0,513,33400
0,697,44900
0,757,46000
0,505,32900
0,530,34500
0,632,37000
0,656,38300
0,460,27300
0,460,27300
0,586,34400
0,541,31900
0,656,38300
0,656,38300
0,656,38300
0,460,27300
0,586,34400
0,632,37000
0,656,38300
0,460,27300
0,608,43300
0,373,27300
0,608,43300
0,373,27300
0,373,27300
0,373,27300
0,818,51500
0,373,27300
0,818,51500
0,608,43300
0,818,51500
0,818,51500
0,414,47100
0,530,34500
0,588,31200
0,789,50500
0,390,31500
0,390,31500
0,390,31500
0,390,31500
0,390,31500
0,390,31500
0,390,31500
0,390,31500
0,390,31500
0,460,27300
0,586,34400
0,662,48200
0,915,54000
0,662,48200
0,662,48200
0,773,52100
0,748,51800
0,940,54400
0,748,51800
0,691,50200
0,940,54400
0,773,52100
0,748,51800
0,691,50200
0,454,48500
0,660,69300
0,600,63300
0,854,76800
0,663,69600
0,600,63300
0,663,69600
0,660,69300
0,854,76800
0,454,48500
0,660,69300
0,390,31500
0,390,31500
0,390,31500
0,390,31500
0,390,31500
0,390,31500
0,544,36400
0,541,31900
0,568,33500
0,624,30200
0,854,76800
0,482,52100
0,553,57300
0,414,47100
0,482,52100
0,553,57300
0,414,47100
0,482,52100
0,553,57300
0,680,74300
0,710,34600
0,696,34100
0,698,34200
0,698,34200
0,710,34600
0,682,74500
0,454,50600
0,450,50100
0,680,74300
0,682,74500
0,682,74500
0,660,72200
0,450,50100
0,682,74500
0,682,74500
0,660,72200
0,454,50600
0,450,50100
0,916,81300
0,657,40000
0,657,40000
0,469,29000
0,603,36900
0,636,38800
0,657,40000
0,603,36900
0,542,33300
0,636,38800
0,657,40000
0,657,40000
0,710,34600
0,696,34100
0,545,36500
0,544,36400
0,544,36400
0,545,36500
0,543,36300
0,1067,52800
0,552,36900
0,410,29300
0,418,29900
0,368,26500
0,408,29200
0,418,29900
0,418,29900
0,407,29100
0,496,45600
0,495,45500
0,493,45300
0,496,45600
0,493,45300
0,479,44100
0,369,34500
0,496,45600
0,493,45300
0,603,36900
0,542,33300
0,657,40000
0,511,45700
0,574,51000
0,574,51000
0,574,51000
0,284,26400
0,257,24100
0,257,24100
0,257,24100
0,536,47800
0,511,45700
0,511,45700
0,574,51000
0,574,51000
0,574,51000
0,574,51000
0,574,51000
0,502,44900
0,511,45700
0,385,35000
0,574,51000
0,574,51000
0,574,51000
0,649,57400
0,697,44900
0,697,44900
0,757,46000
0,505,32900
0,530,34500
0,304,20400
0,306,20500
0,401,26500
0,656,38300
0,656,38300
0,632,37000
0,460,27300
0,541,31900
0,656,38300
0,656,38300
0,775,52200
0,846,53100
0,915,54000
0,846,53100
0,691,50200
0,773,52100
0,940,54400
0,636,66900
0,602,63500
0,454,48500
0,574,51000
0,572,50800
0,574,51000
0,572,50800
0,385,35000
0,591,52400
0,574,51000
0,574,51000
0,574,51000
0,574,51000
0,572,50800
0,574,51000
0,452,21600
0,535,25400
0,800,33900
0,579,27400
0,656,30800
0,882,34600
0,593,28000
0,648,30500
0,579,27400
0,656,30800
0,882,34600
0,459,21900
0,452,21600
0,535,25400
0,660,69300
0,602,63500
0,854,76800
0,454,48500
0,600,63300
0,602,63500
0,663,69600
0,600,63300
0,682,74500
0,660,72200
0,454,50600
0,680,74300
0,215,25400
0,270,31200
0,268,31000
0,266,30800
0,235,27500
0,274,31600
0,657,40000
0,469,29000
0,542,33300
0,657,40000
0,657,40000
0,469,29000
0,469,29000
0,657,40000
0,454,21700
0,800,33900
0,617,29100
0,624,30200
0,624,30200
0,624,30200
0,624,30200
0,622,30100
0,624,30200
0,624,30200
0,568,33500
0,568,33500
0,861,43000
0,568,33500
0,568,33500
0,568,33500
0,604,35500
0,568,33500
0,568,33500
0,568,33500
0,568,33500
0,568,33500
0,861,43000
0,604,35500
0,568,33500
0,469,29000
0,469,29000
0,511,45700
0,506,45200
0,574,51000
0,574,51000
0,574,51000
0,296,27400
0,257,24100
0,257,24100
0,290,26900
0,502,44900
0,385,35000
0,591,52400
0,574,51000
0,649,57400
0,574,51000
0,572,50800
0,574,51000
0,596,52900
0,536,47800
0,511,45700
0,591,52400
0,574,51000
0,574,51000
0,574,51000
0,536,47800
0,568,33500
0,861,43000
0,605,35600
0,604,35500
0,604,35500
0,328,19800
0,328,19800
0,328,19800
0,328,19800
0,299,18200
0,328,19800
0,299,18200
0,566,39900
0,789,50500
0,566,39900
0,566,39900
0,540,38200
0,593,41800
0,918,52100
0,681,47700
0,566,39900
0,540,38200
0,761,50100
0,593,41800
0,681,47700
0,502,44900
0,511,45700
0,511,45700
0,574,51000
0,574,51000
0,574,51000
0,649,57400
0,572,50800
0,579,27400
0,656,30800
0,882,34600
0,593,28000
0,459,21900
0,648,30500
0,454,21700
0,457,21800
0,617,29100
0,656,30800
0,459,21900
0,452,21600
0,535,25400
0,454,21700
0,800,33900
0,457,21800
0,617,29100
0,656,30800
0,553,39100
0,761,50100
0,918,52100
0,588,31200
0,588,31200
0,620,32800
0,620,32800
0,588,31200
0,588,31200
0,904,39100
0,620,32800
0,620,32800
0,943,39400
0,611,32300
0,611,32300
0,624,33000
0,578,30700
0,588,31200
0,588,31200
0,588,31200
0,620,32800
0,620,32800
0,611,32300
0,624,33000
0,588,31200
0,593,28000
0,648,30500
0,457,21800
0,981,35400
0,622,30100
0,624,30200
0,622,30100
0,624,30200
0,624,30200
0,568,33500
0,568,33500
0,568,33500
0,568,33500
0,861,43000
0,605,35600
0,604,35500
0,605,35600
0,604,35500
0,568,33500
0,568,33500
0,568,33500
0,604,35500
0,328,19800
0,299,18200
0,328,19800
0,328,19800
0,328,19800
0,328,19800
0,328,19800
0,328,19800
0,328,19800
0,328,19800
0,566,39900
0,761,50100
0,566,39900
0,566,39900
0,761,50100
0,553,39100
0,789,50500
0,566,39900
0,566,39900
0,566,39900
0,918,52100
0,789,50500
0,566,39900
0,566,39900
0,566,39900
0,566,39900
0,540,38200
0,593,41800
0,953,39500
0,620,32800
0,620,32800
0,943,39400
0,611,32300
0,611,32300
0,770,43200
0,788,43400
0,792,43400
0,761,43100
0,770,43200
0,792,43400
0,788,43400
0,290,23200
0,318,25300
0,414,32300
0,322,25500
0,294,23500
0,318,25300
0,450,34900
0,414,32300
0,322,25500
0,294,23500
0,290,23200
0,681,47700
0,553,39100
0,904,39100
0,588,31200
0,953,39500
0,943,39400
0,904,39100
0,588,31200
0,953,39500
0,611,32300
0,570,30300
0,578,30700
0,578,30700
0,904,39100
0,904,39100
0,953,39500
0,943,39400
0,611,32300
0,611,32300
0,570,30300
0,578,30700
0,578,30700
0,578,30700
0,904,39100
0,588,31200
0,318,25300
0,749,46300
0,787,46800
0,751,46400
0,864,47700
0,787,46800
0,545,45200
0,536,44400
0,545,45200
0,536,44400
0,536,44400
0,545,45200
0,536,44400
0,536,44400
0,530,44000
0,545,45200
0,536,44400
0,414,34800
0,680,55800
0,881,54800
0,881,54800
0,881,54800
0,881,54800
0,881,54800
0,588,31200
0,904,39100
0,611,32300
0,624,33000
0,570,30300
0,578,30700
0,578,30700
0,578,30700
0,602,63500
0,414,32300
0,792,43400
0,788,43400
0,761,43100
0,792,43400
0,788,43400
0,322,25500
0,294,23500
0,450,34900
0,290,23200
0,450,34900
0,747,46300
0,749,46300
0,787,46800
0,864,47700
0,881,54800
0,881,39900
0,665,54800
0,665,54800
0,459,38500
0,539,44800
0,665,54800
0,665,54800
0,511,42600
0,665,54800
0,459,38500
0,459,38500
0,511,42600
0,648,53500
0,546,31000
0,591,33400
0,785,40400
0,774,40300
0,591,33400
0,785,40400
0,583,33000
0,785,40400
0,583,33000
0,519,29500
28010,2720,293200
0,749,46300
0,751,46400
0,536,44400
0,536,44400
0,545,45200
0,540,44800
0,414,34800
0,545,45200
0,536,44400
0,545,45200
0,540,44800
0,414,34800
0,536,44400
0,545,45200
0,536,44400
0,545,45200
0,540,44800
0,492,41000
0,495,41200
0,741,58400
0,536,44400
0,741,58400
0,881,39900
0,665,54800
0,459,38500
0,511,42600
0,456,53600
0,405,47900
0,405,47900
0,405,47900
0,405,47900
0,405,47900
0,405,47900
0,405,47900
0,405,47900
0,405,47900
0,624,72200
0,405,47900
0,405,47900
0,405,47900
0,405,47900
0,405,47900
0,456,53600
0,456,53600
0,456,53600
0,405,47900
0,405,47900
0,405,47900
0,624,72200
0,405,47900
0,405,47900
0,405,47900
0,405,47900
0,405,47900
0,456,53600
0,405,47900
0,405,47900
0,405,47900
0,405,47900
0,405,47900
0,624,72200
0,405,47900
0,405,47900
0,405,47900
0,405,47900
0,405,47900
0,456,53600
0,405,47900
0,456,53600
0,456,53600
0,612,34100
0,612,34100
0,616,34300
0,647,36000
0,634,35300
0,850,40600
0,869,41600
0,580,32400
0,648,53500
0,665,54800
0,459,38500
0,459,38500
0,539,44800
0,648,53500
0,665,54800
0,665,54800
0,539,44800
0,1031,52200
0,583,33000
0,519,29500
0,546,31000
0,774,40300
0,519,29500
0,546,31000
0,591,33400
0,774,40300
0,456,53600
0,405,47900
0,405,47900
0,405,47900
0,405,47900
0,405,47900
0,430,50700
0,456,53600
0,634,35300
0,622,34700
0,616,34300
0,647,36000
0,636,35400
0,634,35300
0,612,34100
0,689,38200
0,612,34100
0,622,34700
0,636,35400
0,634,35300
0,850,40600
0,696,32700
0,669,31500
0,509,24500
0,662,31200
0,696,32700
0,688,32300
0,688,32300
0,678,31900
0,509,24500
0,688,32300
0,669,31500
0,678,31900
0,456,53600
0,456,53600
0,405,47900
0,405,47900
0,405,47900
0,405,47900
0,405,47900
0,405,47900
0,405,47900
0,405,47900
0,456,53600
0,405,47900
0,405,47900
0,405,47900
0,405,47900
0,405,47900
0,405,47900
0,405,47900
0,456,53600
0,405,47900
0,456,53600
0,456,53600
0,405,47900
0,405,47900
0,405,47900
0,405,47900
0,509,24500
0,405,47900
0,623,34700
0,615,34300
0,689,38200
0,634,35300
0,598,33400
0,622,34700
0,636,35400
0,612,34100
0,689,38200
0,598,33400
0,850,40600
0,869,41600
0,580,32400
0,634,35300
0,616,34300
0,647,36000
0,869,41600
0,580,32400
0,662,31200
0,688,32300
0,688,32300
0,688,32300
0,678,31900
0,688,32300
0,669,31500
0,662,31200
0,696,32700
0,688,32300
0,688,32300
